ZCTA,Diabetes_15to19,Diabetes_20to24,Diabetes25to34,Diabetes_35to44,Diabetes_45to54,Diabetes_55to64,Diabetes_65to74,Diabetes_75to84,Diabetes_85up
ZCTA34997,,,,1,2,7,17,7,11
ZCTA34996,,,,,1,,3,5,8
ZCTA34994,,,,1,1,10,4,8,5
ZCTA34990,,,,,,2,1,12,11
ZCTA34987,,,1,,1,1,1,5,2
ZCTA34986,,,,,1,5,8,15,6
ZCTA34984,,,,,3,1,7,6,2
ZCTA34983,,,,,6,13,14,19,9
ZCTA34982,,,1,,3,9,15,10,6
ZCTA34981,,,,,,,,3,1
ZCTA34974,,,,,,1,1,2,1
ZCTA34974,,,,,,,,2,
ZCTA34974,,,,,3,3,12,11,4
ZCTA34972,,,,1,3,4,4,10,5
ZCTA34957,,,,1,2,1,8,11,1
ZCTA34957,,,,,,1,1,1,2
ZCTA34956,,,,,,2,2,,1
ZCTA34953,,,,1,5,7,27,13,8
ZCTA34952,,,,1,3,20,25,29,34
ZCTA34951,,,,,4,9,5,9,3
ZCTA34950,,,,2,3,14,21,14,9
ZCTA34949,,,,,,,5,2,5
ZCTA34947,,,,5,4,5,5,3,1
ZCTA34946,,,,,1,7,5,4,2
ZCTA34945,,,,,1,,,2,5
ZCTA34788,,,,1,5,9,19,15,5
ZCTA34787,,,,,,,,,1
ZCTA34787,,1,1,1,5,15,14,15,12
ZCTA34786,,,,,,1,2,3,2
ZCTA34785,,,,,3,11,15,21,6
ZCTA34773,,,,,,1,1,,
ZCTA34772,,,,1,,5,9,7,3
ZCTA34771,,,,,2,3,2,9,2
ZCTA34769,,,,,3,16,7,9,10
ZCTA34761,,,,1,1,5,4,18,2
ZCTA34759,,,2,,3,4,3,5,
ZCTA34759,,,,,3,,8,8,1
ZCTA34758,1,,,,2,7,15,12,4
ZCTA34756,,,,,,1,2,1,
ZCTA34753,,,,1,,1,,1,1
ZCTA34748,,,,,7,25,40,60,34
ZCTA34747,,,,,1,5,4,1,4
ZCTA34746,,,,,4,8,15,15,6
ZCTA34744,,,1,1,4,7,14,9,1
ZCTA34743,,,,,6,4,6,9,7
ZCTA34741,,,,2,4,8,13,11,5
ZCTA34739,,,,,,,,2,1
ZCTA34737,,,,,,1,1,,
ZCTA34736,,,,1,1,6,7,10,3
ZCTA34734,,,,,,,,,2
ZCTA34731,,,,,2,4,9,3,7
ZCTA34715,,,,,3,1,3,7,6
ZCTA34714,,,,,3,1,8,4,1
ZCTA34711,,,,3,3,11,20,20,23
ZCTA34705,,,,1,,,2,1,
ZCTA34698,,1,,1,1,7,9,20,7
ZCTA34695,,,,,,4,3,11,8
ZCTA34691,,,2,1,3,10,13,9,10
ZCTA34690,,,1,,2,9,2,2,3
ZCTA34689,,,2,2,3,9,15,12,8
ZCTA34688,,,,,,,1,,
ZCTA34688,,,,,,,1,,
ZCTA34688,,,,,,,1,2,2
ZCTA34685,1,,1,1,,3,2,3,2
ZCTA34684,,,,,1,5,12,9,18
ZCTA34683,,,,1,1,6,8,5,5
ZCTA34681,,,,,,1,,,
ZCTA34677,,,,1,,1,9,4,
ZCTA34669,,,1,,2,8,4,6,3
ZCTA34668,,,2,2,17,25,41,22,33
ZCTA34667,,,2,2,9,20,33,40,23
ZCTA34655,,,,,4,6,12,27,21
ZCTA34654,,,,2,7,11,10,11,16
ZCTA34653,,,1,4,8,15,23,29,5
ZCTA34652,,,,1,6,19,19,21,11
ZCTA34639,,,,,1,4,10,7,4
ZCTA34638,,,,1,2,7,6,1,3
ZCTA34637,,,,,,,3,4,1
ZCTA34614,,,,,2,1,8,5,3
ZCTA34613,,,,1,3,12,21,22,15
ZCTA34610,,,,1,3,11,11,6,5
ZCTA34609,,,1,2,7,14,36,35,28
ZCTA34608,,,2,2,7,13,21,16,14
ZCTA34607,,,,1,1,4,1,9,5
ZCTA34606,,,,1,1,7,22,29,18
ZCTA34605,,,,,,,,1,
ZCTA34604,,,,2,1,4,8,5,5
ZCTA34602,,,,,1,4,3,6,2
ZCTA34601,,,,1,4,14,31,22,13
ZCTA34498,,,,,,,,,1
ZCTA34491,,,,3,5,17,24,30,15
ZCTA34488,,,,1,3,9,10,9,4
ZCTA34484,,,,,1,,2,4,8
ZCTA34482,,,1,,6,10,13,10,8
ZCTA34481,,,,,3,11,18,22,19
ZCTA34480,,,,2,4,7,8,12,1
ZCTA34479,,,,,1,5,3,7,3
ZCTA34478,,,,,,,,1,
ZCTA34476,,,,2,3,6,11,23,11
ZCTA34475,,,4,,2,8,10,13,3
ZCTA34474,,1,,,3,6,8,9,4
ZCTA34473,,,1,,6,8,10,15,4
ZCTA34472,,,1,2,11,2,17,19,8
ZCTA34471,,,1,2,,14,13,15,24
ZCTA34470,,,,1,4,12,14,11,10
ZCTA34465,,,,,3,4,16,13,11
ZCTA34461,,,,1,1,4,6,14,7
ZCTA34453,,,1,,1,5,7,4,3
ZCTA34452,,,,2,1,7,12,14,5
ZCTA34450,,,,1,1,7,7,16,9
ZCTA34449,,,,,,1,4,1,
ZCTA34448,,,,,3,3,7,12,3
ZCTA34447,,,,,,,1,,
ZCTA34446,,,,2,5,8,13,17,8
ZCTA34442,,,1,1,3,5,13,11,3
ZCTA34436,,,,,3,5,8,4,5
ZCTA34434,,,,,4,2,7,6,2
ZCTA34433,,,,,,5,4,4,4
ZCTA34433,,,,1,,,,,
ZCTA34432,,,1,,2,2,4,8,12
ZCTA34431,,,,1,1,1,8,5,11
ZCTA34429,,,,1,,5,5,4,8
ZCTA34428,,,1,1,1,6,4,7,2
ZCTA34421,,,,,,,1,,
ZCTA34420,,,1,,3,5,12,10,5
ZCTA34293,,,2,,1,5,11,12,23
ZCTA34292,,,,,,,5,12,11
ZCTA34291,,,,,,2,6,3,1
ZCTA34289,,,,,,2,1,,1
ZCTA34288,,,,1,1,3,1,3,2
ZCTA34287,,,,,,,1,,
ZCTA34287,,,,1,2,5,11,22,17
ZCTA34286,,,,,,2,3,7,5
ZCTA34285,,,,1,1,1,5,10,18
ZCTA34281,,,,,,,,,1
ZCTA34275,,,2,,1,2,3,4,7
ZCTA34270,,,,,,,,1,
ZCTA34269,,,,,,1,3,4,
ZCTA34268,,,,,,1,,,
ZCTA34267,,,,,,,1,,1
ZCTA34266,,,,1,6,18,14,21,11
ZCTA34264,,,,,,1,,,
ZCTA34251,,,,,1,,3,2,1
ZCTA34250,,,,,,,,,1
ZCTA34243,,,,1,,2,7,5,7
ZCTA34243,,,,,,,3,2,4
ZCTA34242,,,,,,,2,1,3
ZCTA34241,,,,,,,5,2,5
ZCTA34240,,,,,,1,2,3,2
ZCTA34239,,,,,,5,4,4,4
ZCTA34238,,,1,,,1,4,6,5
ZCTA34237,,,1,,1,3,7,5,4
ZCTA34236,,,,1,,1,4,3,6
ZCTA34235,,,1,,1,1,6,6,5
ZCTA34234,,,,2,2,13,11,8,8
ZCTA34233,,,,1,1,5,2,7,6
ZCTA34232,,,,1,1,2,5,8,6
ZCTA34231,,,,,2,4,12,15,6
ZCTA34229,,,,,2,1,,2,2
ZCTA34228,,,,,,,1,,
ZCTA34228,,,,,1,,,2,2
ZCTA34224,,,,,1,4,8,11,10
ZCTA34224,,,,,,,1,,
ZCTA34223,,,,,,,2,2,
ZCTA34223,,,,,1,2,9,6,11
ZCTA34222,,,,,,6,7,1,
ZCTA34221,,,1,1,3,11,25,19,15
ZCTA34219,,,,,1,5,5,9,5
ZCTA34217,,,,,1,2,,,3
ZCTA34216,,,,,,,,,1
ZCTA34215,,,,,,,,1,1
ZCTA34212,,,,,,2,1,3,
ZCTA34211,,,,,,,1,2,1
ZCTA34210,,,,,2,,6,3,4
ZCTA34209,,,,,1,6,3,11,19
ZCTA34208,,,1,2,4,9,15,9,11
ZCTA34207,,,,1,5,14,16,12,10
ZCTA34205,,,,1,7,10,9,15,18
ZCTA34203,,,,1,6,9,18,12,13
ZCTA34202,,,,,,,5,4,3
ZCTA34201,,,,,,,1,,2
ZCTA34145,,,,,1,1,4,3,8
ZCTA34142,,,1,2,7,9,7,2,3
ZCTA34141,,,,,1,1,,,
ZCTA34138,,,,,,,,1,
ZCTA34137,,,,,,1,,,
ZCTA34135,,,1,1,3,5,13,15,9
ZCTA34134,,,,,,1,,2,
ZCTA34134,,,,,,1,2,6,5
ZCTA34120,,,,,4,2,5,8,5
ZCTA34119,,,1,,2,3,6,12,4
ZCTA34117,,,,,3,,3,3,2
ZCTA34116,,,,,4,1,5,6,3
ZCTA34114,,,1,,1,1,6,4,3
ZCTA34113,,,,,,4,3,12,5
ZCTA34112,,,,,,7,8,13,9
ZCTA34110,,,,,2,3,8,14,7
ZCTA34109,,,,,,2,7,7,8
ZCTA34108,,,,,,1,2,4,2
ZCTA34105,,,,,,,4,6,5
ZCTA34104,,,1,,2,3,7,9,2
ZCTA34103,,,,,,3,2,6,4
ZCTA34102,,,,,1,3,3,4,2
ZCTA33994,,,,,,,1,,
ZCTA33993,,,1,1,1,6,10,3,4
ZCTA33991,,,,1,2,6,9,8,11
ZCTA33990,,,,1,5,5,16,12,16
ZCTA33983,,,,,1,4,10,5,7
ZCTA33982,,,1,,,2,4,1,5
ZCTA33981,,,,,1,3,4,5,3
ZCTA33980,,,,,,1,6,6,11
ZCTA33976,,,,,1,1,5,1,1
ZCTA33974,,,1,,3,2,9,5,2
ZCTA33973,,,1,,2,3,2,2,1
ZCTA33972,,,,,4,3,14,12,4
ZCTA33971,,,,1,3,7,5,7,2
ZCTA33967,,,,,,5,8,6,2
ZCTA33966,,,1,,,1,2,4,1
ZCTA33960,,,1,,,,,1,
ZCTA33957,,,,,,,1,1,5
ZCTA33956,,,,,,,5,1,
ZCTA33955,,,,1,2,3,5,3,
ZCTA33955,,,,,,,,1,
ZCTA33954,,,,,1,3,2,4,8
ZCTA33953,,,,,1,1,3,2,3
ZCTA33952,,,,,6,15,12,20,22
ZCTA33950,1,,,,2,6,14,20,16
ZCTA33949,,,,,,,,2,
ZCTA33948,,,,1,2,8,17,16,13
ZCTA33947,,,,,,1,2,4,4
ZCTA33946,,,,,1,,,1,1
ZCTA33944,,,,,,1,,1,
ZCTA33936,,,,1,5,12,18,18,10
ZCTA33935,,,,,,,2,,1
ZCTA33935,,,,,2,6,6,4,2
ZCTA33931,,,,,1,2,1,7,7
ZCTA33930,,,,,,1,,,
ZCTA33928,,,1,,3,,4,14,5
ZCTA33922,,,,,,,3,3,3
ZCTA33921,,,,,,,1,,1
ZCTA33920,,,,,,1,2,4,2
ZCTA33919,,,,,1,7,12,14,18
ZCTA33917,,,,,,,1,,
ZCTA33917,,,1,,6,15,22,27,17
ZCTA33916,,,1,2,3,14,6,6,9
ZCTA33914,,,,,,4,15,27,18
ZCTA33913,,1,,,,2,10,4,3
ZCTA33912,,,,,1,2,5,10,11
ZCTA33909,,,,1,,3,10,11,6
ZCTA33908,,,,2,1,1,12,17,20
ZCTA33907,,,1,1,2,7,13,10,14
ZCTA33905,,,1,,3,11,13,14,7
ZCTA33904,,,1,1,5,9,19,17,13
ZCTA33903,,,2,1,2,11,18,24,10
ZCTA33901,,,1,2,,10,19,12,15
ZCTA33898,,,,2,4,7,13,7,4
ZCTA33897,,1,,,1,7,6,7,
ZCTA33896,,,,,,,1,1,
ZCTA33896,,,,,4,1,5,1,
ZCTA33890,,,1,,1,2,4,3,6
ZCTA33884,,,1,,4,7,14,19,10
ZCTA33881,,,,1,9,16,23,26,11
ZCTA33880,1,1,,2,8,22,18,12,4
ZCTA33877,,,,,,1,,,1
ZCTA33876,,,,,1,3,4,,3
ZCTA33875,,,,1,2,4,5,4,2
ZCTA33873,,,,,2,8,12,10,6
ZCTA33872,,,,1,1,1,7,12,12
ZCTA33870,,,,,6,12,17,24,17
ZCTA33868,,,1,,4,4,5,4,
ZCTA33865,,,,,1,,,,
ZCTA33863,,,,,,,,,1
ZCTA33860,,,,,5,4,14,9,7
ZCTA33859,,,,1,2,2,7,8,3
ZCTA33858,,,,,,,,,1
ZCTA33857,,,,,1,,2,2,
ZCTA33855,,,,,,1,2,,1
ZCTA33854,,,,,,,1,,
ZCTA33853,,,,,4,5,9,9,4
ZCTA33852,,,1,2,3,5,12,16,8
ZCTA33851,,,,,,,1,1,
ZCTA33850,,,,,2,5,3,4,2
ZCTA33848,,,,,1,2,2,,
ZCTA33846,,,,,,2,2,,
ZCTA33844,,,,2,4,12,17,16,8
ZCTA33843,,,,,2,9,4,10,4
ZCTA33841,,,,,1,6,10,3,
ZCTA33839,,,,1,,1,1,1,
ZCTA33838,,,,,2,,3,2,1
ZCTA33837,,,,2,2,2,7,9,6
ZCTA33835,,,,,1,,1,,
ZCTA33834,,,,,1,3,1,1,1
ZCTA33830,,1,1,2,7,18,15,11,4
ZCTA33827,,,,,1,2,2,1,1
ZCTA33825,,,1,4,2,10,14,12,13
ZCTA33825,,,,,1,,,,
ZCTA33823,,,,,6,12,17,13,7
ZCTA33815,,,,1,4,7,10,3,1
ZCTA33813,,,1,,2,8,12,9,11
ZCTA33812,,,1,,1,3,2,5,2
ZCTA33811,,,,1,1,4,8,7,5
ZCTA33810,,,1,1,7,14,19,17,9
ZCTA33809,,,,,2,6,16,9,10
ZCTA33807,,,,,,,1,,
ZCTA33805,1,,3,2,5,10,19,20,10
ZCTA33804,,,,,,,1,,
ZCTA33803,,,,3,5,5,11,9,8
ZCTA33801,,2,1,3,11,11,16,13,10
ZCTA33786,,,,,,1,1,,2
ZCTA33785,,,,,,1,1,3,1
ZCTA33782,,,,,4,8,15,7,13
ZCTA33781,,,2,,6,11,16,16,8
ZCTA33779,,,,,1,,,1,
ZCTA33778,,,,1,1,2,10,7,12
ZCTA33777,,,,,3,7,10,11,13
ZCTA33776,,,,1,,1,3,5,4
ZCTA33774,,,,,1,16,9,10,10
ZCTA33773,,,,1,1,9,11,9,5
ZCTA33772,,,,,2,3,10,11,19
ZCTA33771,,,,1,4,19,25,18,12
ZCTA33770,,,1,,1,13,10,11,7
ZCTA33769,,,,,,1,1,,
ZCTA33767,,,,,1,1,2,4,4
ZCTA33765,,,,,,6,7,3,3
ZCTA33764,,,,1,4,3,15,11,5
ZCTA33763,,,,,3,2,7,13,16
ZCTA33762,,,,1,,2,4,3,2
ZCTA33761,,,,,1,6,9,6,6
ZCTA33760,,1,,1,3,5,5,1,2
ZCTA33759,,,,,1,5,9,14,7
ZCTA33756,,,2,1,4,14,16,16,13
ZCTA33755,,,1,1,3,8,7,6,4
ZCTA33744,,,,,,,,1,
ZCTA33716,,,,,2,6,5,4,7
ZCTA33715,,,,,1,1,2,1,4
ZCTA33714,,,,,2,9,15,8,5
ZCTA33713,,,2,1,7,13,16,13,10
ZCTA33712,,,2,4,6,17,14,25,13
ZCTA33711,,,,,7,6,13,14,8
ZCTA33710,,1,,1,5,12,14,14,18
ZCTA33709,,,,1,5,16,20,20,16
ZCTA33708,,,,,2,5,9,7,6
ZCTA33707,,,,1,4,11,9,16,14
ZCTA33706,,,,,2,3,3,7,7
ZCTA33705,,,2,1,6,14,14,13,7
ZCTA33704,,,,,,4,5,5,5
ZCTA33703,,,,1,2,6,7,8,6
ZCTA33702,,,2,2,9,11,19,11,11
ZCTA33701,,,,1,2,9,12,9,3
ZCTA33685,,,,,,,1,,
ZCTA33647,,,,,6,6,12,6,4
ZCTA33637,,,,1,4,7,3,5,1
ZCTA33635,,,,1,3,4,5,1,5
ZCTA33634,,,1,,1,4,7,4,4
ZCTA33629,,,,,,1,8,2,6
ZCTA33626,,,,,,1,2,6,2
ZCTA33625,,,,,,1,4,4,2
ZCTA33624,,,,,3,6,6,9,6
ZCTA33621,,1,,,,,,1,
ZCTA33619,,,1,2,2,6,10,12,6
ZCTA33618,,,,1,1,6,5,7,9
ZCTA33617,,1,1,1,6,11,16,8,5
ZCTA33616,,,,1,3,2,1,5,4
ZCTA33615,1,,,1,2,13,15,9,7
ZCTA33614,,1,,1,9,4,14,25,16
ZCTA33613,,,,2,6,4,10,12,10
ZCTA33612,,,2,5,7,17,13,19,9
ZCTA33611,,,,,,3,4,8,6
ZCTA33610,,1,1,4,7,19,23,23,11
ZCTA33609,,,,,1,3,4,2,6
ZCTA33607,,,,2,6,11,7,11,13
ZCTA33606,,,,,,1,3,,1
ZCTA33605,,,,1,7,3,7,7,8
ZCTA33604,,,1,1,5,8,17,13,7
ZCTA33603,,,,3,,3,8,3,4
ZCTA33602,,,,1,2,4,11,4,2
ZCTA33598,,1,,1,1,4,5,5,5
ZCTA33597,,,,,,1,,1,
ZCTA33597,,,1,,1,4,7,1,5
ZCTA33596,,,,,3,3,7,3,6
ZCTA33594,,,,,4,6,10,10,8
ZCTA33592,,,,,2,3,6,6,9
ZCTA33587,,,,,,,1,,
ZCTA33585,,,,1,,,1,1,
ZCTA33584,,,,,3,5,10,12,2
ZCTA33579,,1,,,3,7,6,3,2
ZCTA33578,,,,3,4,5,18,5,7
ZCTA33576,,,,1,1,,7,7,1
ZCTA33573,,,,1,1,1,9,15,12
ZCTA33572,,,,1,1,3,8,5,1
ZCTA33570,,,,2,4,2,11,6,2
ZCTA33569,,,,,,5,6,10,5
ZCTA33568,,,,,,,2,,
ZCTA33567,,,,,3,1,4,4,2
ZCTA33566,,,,,5,6,7,9,2
ZCTA33565,,,2,,,2,10,13,6
ZCTA33563,,,,3,,14,17,11,8
ZCTA33559,,,2,,1,2,2,,
ZCTA33559,,,,,2,1,2,3,1
ZCTA33558,,,,,1,1,3,4,
ZCTA33558,,,,,,1,2,2,1
ZCTA33556,,,,,,3,7,3,4
ZCTA33556,,,,,1,,,3,2
ZCTA33549,,,,,,2,4,4,2
ZCTA33549,,1,,,,2,2,1,
ZCTA33548,,,,,,,1,1,1
ZCTA33547,,,,,3,3,4,5,3
ZCTA33545,,,,1,1,1,3,4,2
ZCTA33544,,,,2,2,2,5,2,4
ZCTA33543,,,,3,,1,9,6,4
ZCTA33542,,,,2,4,12,23,27,12
ZCTA33541,,,,1,5,7,21,17,11
ZCTA33540,,,,,2,1,4,4,7
ZCTA33538,,,,,,1,4,3,1
ZCTA33537,,,,1,,,,,
ZCTA33534,,,,1,,3,2,2,1
ZCTA33527,,,,2,1,3,7,5,2
ZCTA33525,,1,2,,2,12,17,12,10
ZCTA33524,,,,,1,,,,
ZCTA33523,,,,,1,2,4,3,1
ZCTA33523,,,,2,3,9,6,13,4
ZCTA33521,,,,,,1,1,1,
ZCTA33514,,,,,,1,1,4,
ZCTA33513,,,,,2,3,8,8,7
ZCTA33511,,,2,2,6,10,13,19,17
ZCTA33510,,,,,,3,7,8,5
ZCTA33509,,,,,,,1,,
ZCTA33498,,,,,1,,1,1,4
ZCTA33496,,,,,1,,7,11,5
ZCTA33493,,,2,1,1,2,1,1,
ZCTA33487,,,,,,3,2,5,1
ZCTA33486,,,1,,,2,5,2,5
ZCTA33484,,,,,2,10,14,16,30
ZCTA33483,,,,,1,2,2,3,5
ZCTA33480,,,,,,1,2,3,5
ZCTA33478,,,,,,3,1,,
ZCTA33477,,,,,,2,2,3,1
ZCTA33476,,,,,1,6,7,6,4
ZCTA33475,,,,,,,,1,
ZCTA33473,,,,,1,1,,,
ZCTA33472,,,,,1,2,6,8,6
ZCTA33471,,,,1,,2,4,1,1
ZCTA33470,,,,1,4,4,4,1,4
ZCTA33469,,,,,1,1,1,1,2
ZCTA33469,,,,,1,2,2,,5
ZCTA33468,,,,,,,,,1
ZCTA33467,,,,,3,6,17,14,20
ZCTA33463,,,,,4,11,18,10,3
ZCTA33462,,,1,2,3,4,11,17,3
ZCTA33461,,,1,2,7,10,10,19,6
ZCTA33460,,,1,1,5,6,9,5,6
ZCTA33458,,,,,2,8,2,7,4
ZCTA33455,,,,1,1,7,11,7,10
ZCTA33454,,,,,1,,,,
ZCTA33449,,,,,,,2,2,
ZCTA33446,,,,,,5,8,15,18
ZCTA33445,,,1,1,3,3,4,9,6
ZCTA33444,,,1,,2,3,15,11,3
ZCTA33442,,,,,,9,6,14,15
ZCTA33441,,,1,3,7,16,12,13,5
ZCTA33440,,,,,5,7,9,12,8
ZCTA33438,,,,,,1,,,
ZCTA33437,,,,,1,5,6,23,26
ZCTA33436,,,,,6,8,12,17,13
ZCTA33435,,,,2,,11,18,11,5
ZCTA33434,,,,,2,2,8,4,9
ZCTA33433,,,,,,1,,,
ZCTA33433,,,,,2,2,4,6,14
ZCTA33432,,,,,,2,6,6,4
ZCTA33431,,,,1,,,4,2,6
ZCTA33430,,,1,2,2,8,12,7,2
ZCTA33428,,,,,3,10,10,9,4
ZCTA33426,,,,,,,8,10,10
ZCTA33421,,,,1,,,,,
ZCTA33418,,,,1,2,4,7,6,12
ZCTA33417,,,1,1,3,12,14,16,22
ZCTA33415,,,,1,7,14,10,14,10
ZCTA33414,,,,,4,6,9,9,12
ZCTA33413,,,,,,1,3,2,4
ZCTA33412,,,,,1,3,3,3,2
ZCTA33411,,,,5,4,10,24,22,16
ZCTA33410,,,,,1,5,9,6,7
ZCTA33409,,,,,1,5,9,9,4
ZCTA33408,,,,,,5,1,5,1
ZCTA33407,,,,4,5,14,11,8,2
ZCTA33406,,,,,1,2,8,6,6
ZCTA33405,,,,,,1,4,7,7
ZCTA33404,,,,1,9,13,15,15,10
ZCTA33403,,,,1,,3,7,8,1
ZCTA33401,,,1,1,2,7,13,7,6
ZCTA33351,,,,1,5,10,8,4,6
ZCTA33334,,,,,6,1,6,3,1
ZCTA33332,,,,,,1,,2,
ZCTA33331,,,,,2,,4,3,7
ZCTA33330,,,,,,1,2,3,1
ZCTA33328,,,,,,3,4,8,3
ZCTA33327,,,,,,,2,1,1
ZCTA33326,,,,1,1,2,2,4,1
ZCTA33325,,,,,1,2,6,4,2
ZCTA33324,,,,,7,6,7,12,5
ZCTA33323,,,,,2,3,5,5,
ZCTA33322,,,1,1,5,8,9,17,12
ZCTA33321,,,,1,3,13,20,18,20
ZCTA33320,,,,,,,,,1
ZCTA33319,,,2,2,4,15,19,30,17
ZCTA33318,,,,,,1,,,
ZCTA33317,,,,,3,9,7,11,2
ZCTA33316,,,,,2,1,5,1,1
ZCTA33315,,,,,2,,3,4,2
ZCTA33314,,,,,2,3,7,3,6
ZCTA33313,,,,5,16,19,16,24,8
ZCTA33312,2,,2,3,5,19,16,7,10
ZCTA33311,,,3,7,17,49,35,44,14
ZCTA33309,,,,3,1,10,17,9,5
ZCTA33308,,,1,1,1,4,10,10,11
ZCTA33306,,,,,,,,1,
ZCTA33305,,,,,3,,3,1,2
ZCTA33304,,,,1,6,5,8,8,3
ZCTA33301,,,,,,,1,1,
ZCTA33196,,,,,,5,11,6,14
ZCTA33194,,,,,,,1,2,2
ZCTA33193,1,,,,4,6,5,13,12
ZCTA33190,,1,,,2,1,3,1,4
ZCTA33189,,,,1,3,12,12,7,3
ZCTA33187,,,,,2,4,4,3,3
ZCTA33186,,,,1,3,4,14,14,19
ZCTA33185,,,,,,2,2,12,11
ZCTA33184,,,,,3,,6,5,13
ZCTA33183,,,,1,1,2,10,14,14
ZCTA33182,,,,,,4,6,1,4
ZCTA33181,,,,,4,6,7,8,2
ZCTA33180,,,,1,1,4,4,4,11
ZCTA33179,,,1,1,10,13,19,27,12
ZCTA33178,,,1,,,2,2,8,6
ZCTA33177,,,1,1,5,12,18,28,16
ZCTA33176,,,,1,2,8,22,16,25
ZCTA33175,,,,1,5,4,25,19,26
ZCTA33174,,,,,2,4,16,11,13
ZCTA33173,,,,,1,10,9,13,14
ZCTA33172,,,,,1,5,6,8,19
ZCTA33170,,,,,5,3,7,12,7
ZCTA33169,,1,,3,8,17,19,21,14
ZCTA33168,,,,2,5,17,23,9,15
ZCTA33167,,,,2,2,10,11,11,5
ZCTA33166,,,1,,1,3,3,6,11
ZCTA33165,,,,,6,10,12,22,25
ZCTA33162,,1,,3,2,19,13,21,10
ZCTA33161,,,,1,4,17,26,25,22
ZCTA33160,,,,,2,4,10,13,21
ZCTA33158,,,,,,,1,1,1
ZCTA33157,,,1,1,11,30,28,33,26
ZCTA33156,,,,,1,3,2,8,11
ZCTA33155,,,,,1,9,18,19,22
ZCTA33154,,,,,,,1,3,8
ZCTA33150,,,1,2,9,13,19,18,6
ZCTA33149,,,,,1,,1,2,2
ZCTA33147,,,2,4,12,23,33,38,19
ZCTA33146,,,,,,,1,1,2
ZCTA33145,,,,1,2,5,8,14,9
ZCTA33144,,,1,,1,4,5,13,10
ZCTA33143,,,2,,,4,5,6,9
ZCTA33142,,1,3,3,16,23,39,39,20
ZCTA33141,,,,1,1,1,4,2,11
ZCTA33140,,,,,1,1,1,4,9
ZCTA33139,,,,,1,6,8,8,6
ZCTA33138,,,1,1,4,7,14,7,11
ZCTA33137,,,,,3,5,6,4,5
ZCTA33136,,,,1,4,12,9,4,5
ZCTA33135,,,,1,8,7,16,24,18
ZCTA33134,1,,,,2,2,12,9,16
ZCTA33133,,,,,5,7,10,8,16
ZCTA33132,,,,,2,,1,,2
ZCTA33131,,,,,,3,1,,1
ZCTA33130,,,,,,4,11,12,10
ZCTA33129,,,,,,1,,3,2
ZCTA33128,,,,,1,2,3,9,3
ZCTA33127,,1,1,7,12,15,20,12,10
ZCTA33126,,,,1,2,8,14,16,30
ZCTA33125,,,3,,3,14,20,17,26
ZCTA33122,,,,,,,,,1
ZCTA33076,,,,,,4,1,4,3
ZCTA33073,,,1,1,,2,3,6,
ZCTA33071,,,1,,1,7,7,3,3
ZCTA33070,,,,,1,2,2,1,1
ZCTA33069,,,,2,1,5,6,7,10
ZCTA33068,,,1,4,6,14,15,11,4
ZCTA33067,,,,,2,5,1,1,1
ZCTA33066,,,,1,,5,4,10,10
ZCTA33065,,1,3,,5,11,15,9,8
ZCTA33064,,1,1,1,4,17,16,14,8
ZCTA33063,,,,2,8,19,33,20,18
ZCTA33062,,,,1,2,6,6,9,8
ZCTA33060,,,2,3,4,11,10,12,8
ZCTA33056,,,,2,6,20,19,19,8
ZCTA33055,,1,1,2,3,20,21,28,14
ZCTA33054,,1,,1,14,24,19,21,16
ZCTA33050,,,,,1,2,2,1,2
ZCTA33043,,,,,,1,1,,1
ZCTA33042,,,,1,,2,,1,1
ZCTA33040,,,,,3,6,8,7,7
ZCTA33037,,,,,2,4,7,3,1
ZCTA33036,,,,,,1,2,,1
ZCTA33035,,,,,2,4,3,10,1
ZCTA33034,,,,1,4,5,7,13,6
ZCTA33033,,1,1,,10,17,20,17,18
ZCTA33032,,,,1,5,10,10,12,6
ZCTA33031,,,,,1,1,2,2,2
ZCTA33030,,1,,4,7,6,13,12,12
ZCTA33029,,,,1,1,1,7,6,2
ZCTA33028,,,2,,1,,3,4,4
ZCTA33027,,,1,1,2,8,9,21,19
ZCTA33026,,,,1,2,5,10,5,9
ZCTA33025,,,,1,5,8,18,15,6
ZCTA33024,,,,1,7,14,26,15,13
ZCTA33023,,,1,2,6,18,16,24,12
ZCTA33021,,,,,3,5,15,12,11
ZCTA33020,,,,2,7,25,20,11,7
ZCTA33019,,,,,,1,4,3,3
ZCTA33018,,,,,2,2,17,23,10
ZCTA33016,,,,,1,5,13,13,17
ZCTA33015,,1,,2,4,5,10,13,6
ZCTA33014,,,,1,3,5,16,15,14
ZCTA33013,,,,,3,7,16,22,24
ZCTA33012,,,3,1,4,9,27,41,35
ZCTA33010,,,,,4,11,23,33,33
ZCTA33009,,,,,3,8,13,11,12
ZCTA33009,,,,,,,,1,
ZCTA33004,,,,1,2,8,7,7,1
ZCTA32976,,,,,,9,7,8,11
ZCTA32976,,,,,,,,1,
ZCTA32968,,,,,1,4,4,7,3
ZCTA32967,,,,2,1,3,9,14,4
ZCTA32966,,,,,2,3,8,14,11
ZCTA32963,,,,1,1,,,2,3
ZCTA32962,,,1,1,4,11,10,7,5
ZCTA32960,,,,1,2,10,8,9,13
ZCTA32958,,,,,1,3,12,18,7
ZCTA32955,,,1,1,6,8,17,13,9
ZCTA32953,,,,,2,11,15,10,8
ZCTA32952,,,,1,1,5,6,9,
ZCTA32951,,,,,,1,3,1,1
ZCTA32950,,,,,1,1,2,,3
ZCTA32949,,,,,,1,1,1,1
ZCTA32948,,,,,,1,2,1,1
ZCTA32941,,,,,,,1,,
ZCTA32940,,,,,,3,15,14,19
ZCTA32937,,,,,3,2,7,9,6
ZCTA32935,,,1,4,2,14,14,13,8
ZCTA32934,,,1,2,4,4,9,6,3
ZCTA32931,,,,,,3,7,7,5
ZCTA32927,,,1,3,3,11,4,8,3
ZCTA32926,,,,1,2,5,7,4,6
ZCTA32925,,,,,,,,,1
ZCTA32924,,,,,,1,,,
ZCTA32922,1,,,1,,8,9,9,4
ZCTA32920,,,,,1,4,5,1,4
ZCTA32909,,,1,3,3,10,5,8,9
ZCTA32908,,,,,2,5,5,7,1
ZCTA32907,,,,1,2,14,21,22,10
ZCTA32905,,,1,1,3,15,14,10,8
ZCTA32904,,,1,1,1,8,10,6,13
ZCTA32903,,,,,,2,1,2,2
ZCTA32901,,1,,3,4,9,15,14,9
ZCTA32839,,,,2,5,7,11,9,
ZCTA32837,,,,,4,3,10,12,9
ZCTA32836,,,,,,,2,5,
ZCTA32835,,,1,2,2,4,3,8,3
ZCTA32834,,,,,,1,,,
ZCTA32833,1,,,1,,1,2,2,4
ZCTA32832,,1,1,,2,1,4,,4
ZCTA32829,,,,,1,2,8,2,5
ZCTA32828,,,,,4,5,11,11,4
ZCTA32827,,,,,1,1,4,1,2
ZCTA32826,,,,,2,4,7,2,5
ZCTA32825,,,1,,6,6,11,18,12
ZCTA32824,,,,1,1,5,8,5,5
ZCTA32822,,,1,5,4,12,24,20,11
ZCTA32821,,,,,2,5,2,3,2
ZCTA32820,,,1,1,2,4,3,1,
ZCTA32819,,,,,2,2,7,4,3
ZCTA32818,,,1,2,2,14,27,20,9
ZCTA32817,,,,1,1,4,8,8,8
ZCTA32812,,,,1,4,2,11,7,7
ZCTA32811,,,2,2,3,7,13,12,7
ZCTA32810,,,,,3,7,14,9,11
ZCTA32809,,,,,3,6,6,7,5
ZCTA32808,,,1,3,9,20,19,17,8
ZCTA32807,,,,1,4,9,12,11,11
ZCTA32806,,,,2,5,4,10,4,9
ZCTA32805,,,1,,4,16,13,15,5
ZCTA32804,,1,,,2,2,2,3,2
ZCTA32803,,,,,2,7,1,3,4
ZCTA32801,,,,,,1,8,4,6
ZCTA32798,,,,,,1,3,6,6
ZCTA32796,,,,,2,7,14,10,6
ZCTA32792,,,1,2,3,5,9,10,15
ZCTA32792,,,,,3,2,3,3,2
ZCTA32789,,,,,3,3,5,1,7
ZCTA32784,,,,,2,7,4,5,4
ZCTA32784,,,,1,,3,2,1,1
ZCTA32780,,1,1,1,3,12,15,13,8
ZCTA32779,,,,,1,5,7,5,9
ZCTA32778,,,,1,4,5,12,14,8
ZCTA32777,,,,,,,,1,
ZCTA32776,,,,1,1,1,4,4,2
ZCTA32773,,,1,1,3,8,9,9,4
ZCTA32771,,,,2,7,24,29,34,14
ZCTA32767,,,,,1,2,,1,1
ZCTA32766,,,,,,2,,4,1
ZCTA32765,,,1,2,3,6,12,13,11
ZCTA32764,,,,,1,4,5,1,1
ZCTA32763,,,1,1,1,9,23,12,20
ZCTA32759,,,,,,,4,3,4
ZCTA32757,,,1,1,6,10,12,12,11
ZCTA32757,,,,1,1,3,,2,1
ZCTA32754,,,,,1,3,5,2,1
ZCTA32751,,,1,1,,4,5,8,6
ZCTA32751,,,,,,,2,,4
ZCTA32750,,,,,1,9,13,15,11
ZCTA32746,,,2,2,,6,5,12,18
ZCTA32744,,,,,1,2,,2,3
ZCTA32738,1,,,2,9,15,24,20,7
ZCTA32736,,,,,,3,4,4,2
ZCTA32735,,,,,,,3,4,2
ZCTA32732,,,,,1,,1,2,1
ZCTA32730,,,,2,,1,3,,3
ZCTA32727,,,,,,,,,1
ZCTA32726,,,,3,1,7,12,15,7
ZCTA32725,,,1,2,9,13,31,19,19
ZCTA32724,,,1,,1,10,14,19,15
ZCTA32720,,,,,1,,,1,
ZCTA32720,,,1,,9,13,11,16,14
ZCTA32716,,,,,,,,,1
ZCTA32714,,,,2,1,9,8,11,5
ZCTA32713,,,,,,5,10,19,11
ZCTA32712,,,1,1,3,8,11,14,10
ZCTA32709,,,,,,,1,,2
ZCTA32708,,,,2,3,7,13,7,11
ZCTA32707,,,1,,4,11,12,13,6
ZCTA32704,,,,,,1,,,
ZCTA32703,,,,,7,14,20,15,12
ZCTA32703,,,,1,,1,4,4,1
ZCTA32702,,,,,,1,1,3,5
ZCTA32701,1,,,1,2,6,9,13,13
ZCTA32696,,,,,2,7,12,4,2
ZCTA32694,,,,,,4,1,,3
ZCTA32693,,,,,1,3,5,4,3
ZCTA32693,,,,,,1,1,4,1
ZCTA32686,,,,,1,1,1,2,
ZCTA32681,,,,,,1,,,
ZCTA32680,,,,2,1,8,8,6,2
ZCTA32669,,,,,2,,5,4,
ZCTA32668,,,,,,1,4,3,
ZCTA32668,,,,,,,1,1,
ZCTA32667,,,,,,,1,1,
ZCTA32667,,,,,,2,,1,1
ZCTA32666,,,,,1,1,2,,
ZCTA32666,,,,,,,1,,1
ZCTA32666,,,,,,,1,,1
ZCTA32666,,,,,2,2,1,3,1
ZCTA32658,,,,,1,,1,,
ZCTA32656,,,,,,,,2,1
ZCTA32656,,,,,,5,10,6,2
ZCTA32653,,,1,1,1,1,6,1,5
ZCTA32648,,,,,1,,,1,
ZCTA32643,,1,,,1,,2,3,1
ZCTA32643,,,,,1,1,4,,
ZCTA32641,,,,1,3,3,8,7,4
ZCTA32640,,,,,,4,5,2,2
ZCTA32640,,,,1,1,4,2,1,2
ZCTA32639,,,,,1,,,,
ZCTA32634,,,,,,1,,,
ZCTA32628,,,1,,1,3,2,2,
ZCTA32626,,,1,1,,3,3,6,2
ZCTA32625,,,,,,2,,,1
ZCTA32622,,,,,,,,,1
ZCTA32621,,,,,1,4,5,,5
ZCTA32619,,,,,2,1,2,2,2
ZCTA32618,,,,,,4,4,6,2
ZCTA32618,,,,,,1,2,,
ZCTA32617,,,,,1,,3,,
ZCTA32616,,,,,1,,,,
ZCTA32615,,,1,,3,6,8,6,2
ZCTA32609,,,,2,4,9,12,7,2
ZCTA32608,,,,3,2,11,12,7,6
ZCTA32607,,1,1,1,2,4,9,7,5
ZCTA32606,,,,1,1,4,6,4,8
ZCTA32605,,,,,1,5,6,10,2
ZCTA32601,,,1,1,3,1,7,1,1
ZCTA32583,,,2,1,3,7,8,7,3
ZCTA32580,,,,,2,2,2,1,3
ZCTA32579,,,,1,2,1,1,4,10
ZCTA32578,,,,,1,5,6,8,4
ZCTA32577,,,,1,,2,3,1,
ZCTA32571,,,,,6,5,14,6,4
ZCTA32570,,,3,2,4,13,16,13,4
ZCTA32569,,,,,2,5,4,3,2
ZCTA32568,,,,,1,,3,3,1
ZCTA32567,,,,,1,,1,3,
ZCTA32567,,,,,,,1,1,1
ZCTA32566,,,,2,4,9,13,12,8
ZCTA32565,,,,,2,,2,3,2
ZCTA32564,,,,1,1,,2,1,
ZCTA32564,,,,,,,,1,
ZCTA32563,,,,,2,2,6,7,6
ZCTA32561,,,,,,,,1,
ZCTA32561,,,,,1,,3,2,3
ZCTA32550,,,,,,,,,1
ZCTA32550,,,,,,1,1,3,2
ZCTA32548,,,,,9,11,13,16,11
ZCTA32547,,,1,1,6,12,12,15,4
ZCTA32541,,,1,,1,5,3,6,4
ZCTA32539,,,,,5,11,11,12,3
ZCTA32539,,,,,,,1,,
ZCTA32538,,,,,,,1,,
ZCTA32536,,,1,3,2,10,15,15,8
ZCTA32535,,,,,,,3,2,3
ZCTA32534,,,,1,2,5,7,6,2
ZCTA32533,,,1,1,2,9,7,12,5
ZCTA32531,,,,,,3,,3,3
ZCTA32526,,,,2,8,12,12,18,9
ZCTA32524,,,,,1,,,,
ZCTA32516,,,,,,,,2,
ZCTA32514,,,2,4,7,8,14,19,5
ZCTA32507,,,1,3,3,9,13,13,3
ZCTA32506,,,,3,6,11,13,8,8
ZCTA32505,,1,,,11,28,15,9,7
ZCTA32504,,,,,4,5,8,4,12
ZCTA32503,,,,1,4,5,13,8,3
ZCTA32502,,,,,,2,,3,
ZCTA32501,,,1,1,4,9,9,4,3
ZCTA32466,,,,,,2,1,2,2
ZCTA32466,,,,,,,,1,
ZCTA32465,,,,2,,3,9,7,2
ZCTA32464,,,,,1,2,5,1,2
ZCTA32464,,,,,,1,,,
ZCTA32462,,,,,1,,4,2,1
ZCTA32461,,,,,,,,1,1
ZCTA32460,,,,,1,2,3,2,2
ZCTA32459,,,,,1,5,1,3,3
ZCTA32456,,,,1,2,4,6,4,6
ZCTA32455,,,,,1,1,1,1,1
ZCTA32455,,,,,,2,2,,
ZCTA32449,,,,,,,1,,
ZCTA32448,,,,1,2,2,6,3,1
ZCTA32446,,,,,1,3,5,11,5
ZCTA32445,,,,,,,2,,
ZCTA32444,,,,1,3,5,14,7,12
ZCTA32443,,,,,,2,2,,2
ZCTA32442,,,,,,1,1,2,1
ZCTA32440,,,,,,,1,,
ZCTA32440,,,,,2,1,3,3,3
ZCTA32439,,,1,,1,3,1,5,
ZCTA32438,,,,1,1,1,1,4,
ZCTA32435,,,1,,1,3,4,5,3
ZCTA32433,,1,,3,1,8,10,6,4
ZCTA32431,,,,1,1,2,1,1,2
ZCTA32431,,,,,,2,,,
ZCTA32430,,,,,,,2,,
ZCTA32428,,,,2,7,5,16,17,7
ZCTA32427,,1,,,1,,2,2,1
ZCTA32425,,,,1,4,8,8,5,2
ZCTA32425,,,,,,,1,,2
ZCTA32424,,,,,2,6,5,7,
ZCTA32423,,,,,1,,,,1
ZCTA32421,,,,,,,3,2,2
ZCTA32420,,,,1,,2,3,1,
ZCTA32413,,,,,1,2,10,6,2
ZCTA32409,,,1,,1,4,5,9,4
ZCTA32408,,,,1,5,8,10,6,4
ZCTA32407,,,,1,1,6,5,3,3
ZCTA32405,,,,,9,10,17,17,21
ZCTA32404,1,,1,,9,12,15,27,18
ZCTA32402,,,,,,,1,,
ZCTA32401,,,1,7,4,18,15,16,17
ZCTA32359,,,,,,,1,,
ZCTA32359,,,,,,2,1,2,
ZCTA32358,,,,,,1,1,1,1
ZCTA32356,,,,,,,,,1
ZCTA32355,,,,,,,,1,
ZCTA32352,,,,,2,4,2,1,1
ZCTA32351,,,,1,3,9,10,6,10
ZCTA32350,,,,,,,,2,
ZCTA32348,,,,,4,4,20,12,9
ZCTA32347,,,,,1,9,5,9,7
ZCTA32346,,,,,,1,,,
ZCTA32346,,,,,,1,,,
ZCTA32345,,,,,,1,,,
ZCTA32344,,,,,1,7,14,9,1
ZCTA32343,,,,,,2,3,1,1
ZCTA32340,,,1,1,,3,4,8,7
ZCTA32336,,,,,,1,2,1,1
ZCTA32334,,,,,,,,2,
ZCTA32333,,,,,1,10,2,5,3
ZCTA32332,,,,,1,2,,,
ZCTA32331,,,,,,,1,,1
ZCTA32331,,,,,,2,1,2,
ZCTA32331,,,,,,,,1,
ZCTA32330,,,,,,1,,,
ZCTA32328,,,,,2,2,3,,
ZCTA32327,,,,1,2,5,13,8,1
ZCTA32324,,,,,1,7,3,1,3
ZCTA32323,,,,,,,1,1,
ZCTA32322,,,,,1,1,3,1,1
ZCTA32321,,,,,1,2,1,2,1
ZCTA32320,,,,,,,2,,
ZCTA32317,,,,,,4,1,2,4
ZCTA32312,,,,,1,3,5,5,3
ZCTA32311,,,,1,1,,6,4,3
ZCTA32310,,1,,1,3,6,7,8,2
ZCTA32309,,,,,1,2,4,8,6
ZCTA32308,,,,,1,6,8,3,10
ZCTA32305,1,,1,2,2,14,16,10,2
ZCTA32304,,,,3,5,10,8,6,2
ZCTA32303,,,1,1,4,9,17,8,11
ZCTA32301,,,,3,5,4,7,6,2
ZCTA32277,,1,1,,7,3,9,9,6
ZCTA32266,,,,,1,,1,3,
ZCTA32259,,,,,1,3,7,10,6
ZCTA32258,,,1,,,4,7,5,6
ZCTA32257,,,2,1,4,10,18,11,9
ZCTA32256,,,,2,2,3,13,6,3
ZCTA32254,,,,3,8,7,7,4,1
ZCTA32250,,1,,,1,3,9,4,9
ZCTA32246,,,2,1,3,10,13,8,6
ZCTA32244,1,1,2,1,14,13,23,17,10
ZCTA32234,,,,,,1,1,,
ZCTA32234,,,,,1,3,8,1,1
ZCTA32233,,,,2,3,6,4,6,8
ZCTA32226,,1,,1,2,3,9,3,3
ZCTA32225,,,,3,5,12,13,11,10
ZCTA32224,,,,,3,6,6,5,1
ZCTA32223,,,,,3,4,6,2,4
ZCTA32222,,,,1,,5,1,4,2
ZCTA32221,,,,1,6,14,10,11,2
ZCTA32220,,,,2,1,5,6,6,3
ZCTA32219,,,,,5,5,8,6,2
ZCTA32218,,,,3,13,19,28,12,4
ZCTA32217,,,,2,2,8,5,3,5
ZCTA32216,,,,1,4,11,12,11,8
ZCTA32211,,,,3,8,22,14,11,5
ZCTA32210,,1,,8,18,27,25,12,11
ZCTA32209,,,1,7,12,28,27,16,6
ZCTA32208,,,2,,6,17,29,8,5
ZCTA32207,,,,1,3,13,16,15,3
ZCTA32206,,1,,3,9,17,8,10,3
ZCTA32205,,,1,1,2,12,9,8,3
ZCTA32204,,,1,,1,6,1,1,4
ZCTA32202,,,,1,1,3,9,4,2
ZCTA32201,,,,,,1,,,
ZCTA32195,,,,,1,4,5,2,3
ZCTA32193,,,1,,,,1,2,
ZCTA32192,,,,,1,,,,
ZCTA32190,,,,1,,1,,,
ZCTA32189,,,,,2,5,3,9,5
ZCTA32187,,,,,,1,1,1,2
ZCTA32183,,,,,,1,,,
ZCTA32182,,,,,,,,1,
ZCTA32181,,,1,,,,7,2,1
ZCTA32180,,,,,,,3,3,
ZCTA32179,,,,,4,9,7,8,1
ZCTA32177,,,,2,12,16,21,25,18
ZCTA32176,,,,,,3,12,8,11
ZCTA32174,,,,,,,2,1,1
ZCTA32174,,,,1,4,13,33,36,26
ZCTA32173,,,,,,,,,1
ZCTA32169,,,,,,4,4,5,14
ZCTA32168,,,1,1,4,6,26,19,19
ZCTA32164,,,,1,7,9,32,29,15
ZCTA32163,,,,,,3,16,7,6
ZCTA32162,,,,,1,3,30,48,14
ZCTA32159,,,,1,1,10,13,25,17
ZCTA32159,,,,,,1,3,22,13
ZCTA32148,,,,4,2,8,7,5,3
ZCTA32147,,,,,,1,2,,
ZCTA32145,,,2,,1,2,4,5,
ZCTA32141,,,,,1,7,9,12,10
ZCTA32140,,,,,,2,1,,
ZCTA32139,,,,,,1,2,,2
ZCTA32137,,,,,5,9,20,29,18
ZCTA32136,,,,,,3,4,5,1
ZCTA32134,,,1,,1,3,7,5,7
ZCTA32133,,,,,,,1,,
ZCTA32132,,,,,2,1,6,4,3
ZCTA32131,,,,1,,2,1,7,1
ZCTA32130,,,,,,1,2,5,
ZCTA32129,,,,1,1,8,14,8,11
ZCTA32128,,,,1,,1,5,10,7
ZCTA32127,,1,,,6,10,16,11,10
ZCTA32124,,,,,,1,1,,1
ZCTA32119,,,,1,2,9,14,10,12
ZCTA32118,,,,,3,8,10,7,4
ZCTA32117,,,1,3,11,10,24,13,14
ZCTA32115,,,,,1,,,1,
ZCTA32114,1,,,4,7,24,24,19,24
ZCTA32113,,,,1,,2,8,4,1
ZCTA32112,,,,,4,6,8,4,5
ZCTA32110,,,,,1,7,4,5,4
ZCTA32102,,,,,1,,4,3,
ZCTA32102,,,,,,1,1,1,
ZCTA32097,1,,1,1,,4,7,3,
ZCTA32096,,,,,,,1,1,
ZCTA32096,,,1,,,1,3,2,1
ZCTA32095,,,,,,2,4,1,3
ZCTA32094,,,,,,2,2,,1
ZCTA32092,,,,,3,4,3,4,8
ZCTA32091,,,,2,3,4,6,7,2
ZCTA32091,,,,,,,,1,
ZCTA32087,,,,,,4,1,1,
ZCTA32086,,,,1,1,7,16,15,5
ZCTA32084,,,,1,6,14,8,10,4
ZCTA32083,,,,,1,1,1,,1
ZCTA32082,,,,,1,3,4,5,4
ZCTA32081,,,,,,1,1,,
ZCTA32080,,,,,,8,5,3,6
ZCTA32079,,,,,,,,,3
ZCTA32073,,,2,1,8,9,18,23,14
ZCTA32073,,,,,,,,,1
ZCTA32071,,,,,,2,3,4,1
ZCTA32068,,,,2,12,14,18,6,3
ZCTA32066,,,,,,,3,5,3
ZCTA32065,,,,1,4,8,14,5,4
ZCTA32064,,,,2,,4,6,6,9
ZCTA32063,,,,1,3,6,4,7,1
ZCTA32062,,,,,,2,,3,
ZCTA32060,,,,,3,4,6,12,9
ZCTA32059,,,,,3,,1,,
ZCTA32058,,,,,3,2,,1,
ZCTA32055,,,,1,5,8,17,10,2
ZCTA32054,,,1,,4,7,11,8,1
ZCTA32053,,,1,,,2,2,1,
ZCTA32052,,,,1,2,4,5,4,1
ZCTA32046,,,,1,3,4,4,4,
ZCTA32044,,,,,1,1,,,
ZCTA32043,,,,,3,12,8,5,3
ZCTA32042,,,,,,,,,1
ZCTA32040,,,,2,,5,2,2,1
ZCTA32038,,,,1,2,2,7,5,5
ZCTA32034,,,,,2,6,2,5,2
ZCTA32033,,,,,,3,,2,1
ZCTA32025,,,,2,1,11,14,14,3
ZCTA32024,,,,2,5,4,9,10,5
ZCTA32024,,,,,,,1,1,
ZCTA32011,,,1,,2,3,6,1,2
ZCTA32009,,,,,,1,,1,2
ZCTA32008,,,,,,,2,1,1
ZCTA32008,,,,,,1,,1,
ZCTA32008,,,,1,,1,2,1,
ZCTA32003,,,,,2,1,6,3,3
